model,n,block_size,workers,time_sec,checksum
sequential,512,64,1,0.138249953,334391075002.638611
sequential,512,64,1,0.133289069,334323136546.839539
sequential,512,64,1,0.132952591,334112364170.787476
sequential,512,64,1,0.134869356,334725085721.274048
sequential,512,64,1,0.135742803,334665307518.105530
sequential,512,64,1,0.134326996,334725499934.541626
sequential,512,64,1,0.132731975,335806222595.450745
sequential,512,64,1,0.135405822,335463992519.971436
sequential,512,64,1,0.134296613,334970475378.322083
sequential,512,64,1,0.133529156,335006421976.267822
sequential,512,64,1,0.132896657,334592173584.476807
sequential,512,64,1,0.132773316,334927857117.499390
sequential,512,64,1,0.132796878,335506676055.496887
sequential,512,64,1,0.144267921,335878363200.050110
sequential,512,64,1,0.133858978,335318672223.531128
sequential,512,64,1,0.133148713,334460420773.693054
sequential,512,64,1,0.132660839,334909830798.670166
sequential,512,64,1,0.132931978,334680235742.914917
sequential,512,64,1,0.132723253,334587921722.687073
sequential,512,64,1,0.132927698,335050999052.326965
sequential,512,64,1,0.132493112,334885082511.053589
sequential,512,64,1,0.133545236,334883281355.614258
sequential,512,64,1,0.132972345,334897611876.798523
sequential,512,64,1,0.133106761,333983308167.909363
sequential,512,64,1,0.132830275,334620739354.828735
sequential,512,64,1,0.132837791,334934671587.706177
sequential,512,64,1,0.132661619,334663545516.754211
sequential,512,64,1,0.132700357,334844915884.674072
sequential,512,64,1,0.132741928,333884293422.253174
sequential,512,64,1,0.132795096,334340217656.772278
sequential,512,64,1,0.132711303,334731932830.204712
sequential,512,64,1,0.132744088,334911040647.646729
sequential,512,64,1,0.132666902,335494337842.646729
sequential,512,64,1,0.135367118,335197886145.157898
sequential,512,64,1,0.132770248,335020791390.723267
sequential,512,64,1,0.132845909,335240395156.719543
sequential,512,64,1,0.132856473,334518034475.163513
sequential,512,64,1,0.133238812,334472141220.974487
sequential,512,64,1,0.133269756,334929630526.276794
sequential,512,64,1,0.132609709,334697095818.986938
sequential,512,64,1,0.132960435,333944425688.994385
sequential,512,64,1,0.133076589,334177965922.682251
sequential,512,64,1,0.133073458,334758801863.359131
sequential,512,64,1,0.134036251,334567474939.137878
sequential,512,64,1,0.132760655,335326255858.597473
sequential,512,64,1,0.132964808,335066761514.387939
sequential,512,64,1,0.133003707,334206013138.653870
sequential,512,64,1,0.132670099,334217324257.016968
sequential,512,64,1,0.133105954,334206190897.872375
sequential,512,64,1,0.132633775,334441354812.371887
sequential,512,64,1,0.132824173,334823717370.225159
sequential,512,64,1,0.132732211,335666585116.120422
sequential,512,64,1,0.133020443,335378489395.862915
sequential,512,64,1,0.132754850,334659747714.475281
sequential,512,64,1,0.132605448,334868332685.853943
sequential,512,64,1,0.132949358,335217747226.622437
sequential,512,64,1,0.133234859,335382992943.198181
sequential,512,64,1,0.133281053,335410051064.458618
sequential,512,64,1,0.132749282,334974677677.138733
sequential,512,64,1,0.132739758,334494460779.761780
sequential,512,64,1,0.132760386,334963638612.297180
sequential,512,64,1,0.132545848,335031917138.818604
sequential,512,64,1,0.132827281,334309106555.031067
sequential,512,64,1,0.132512776,335521438932.323486
sequential,512,64,1,0.132730653,335546469670.195435
sequential,512,64,1,0.132686429,334813947662.155029
sequential,512,64,1,0.132727992,335230333799.015625
sequential,512,64,1,0.132743186,335037213396.180420
sequential,512,64,1,0.132604211,335568942548.199768
sequential,512,64,1,0.132794319,335497898683.766968
sequential,512,64,1,0.132578483,335188593769.912170
sequential,512,64,1,0.132744478,335617844270.410156
sequential,512,64,1,0.132613556,335024843417.424255
sequential,512,64,1,0.132839550,334559678338.496460
sequential,512,64,1,0.132631975,334765165594.764099
sequential,512,64,1,0.133129508,335041076200.608948
sequential,512,64,1,0.132675189,335372268710.415955
sequential,512,64,1,0.132616260,334836470665.215820
sequential,512,64,1,0.132926750,334424316916.202393
sequential,512,64,1,0.132505108,333814440821.515747
sequential,512,64,1,0.132472472,334492729827.952148
sequential,512,64,1,0.132723813,335787300319.181091
sequential,512,64,1,0.132773597,335409197349.520813
sequential,512,64,1,0.132632119,335022721167.369873
sequential,512,64,1,0.132863536,334724502802.930542
sequential,512,64,1,0.132876991,334792579219.427490
sequential,512,64,1,0.132926736,335058464573.299194
sequential,512,64,1,0.132841755,334820315824.506165
sequential,512,64,1,0.132807256,334994752354.616821
sequential,512,64,1,0.133379300,334885470045.766357
sequential,512,64,1,0.132728151,334132461741.236023
sequential,512,64,1,0.132825680,335133994881.087830
sequential,512,64,1,0.132938957,335641429848.671509
sequential,512,64,1,0.132970427,334427969828.037659
sequential,512,64,1,0.132670974,334031847427.858154
sequential,512,64,1,0.132882441,334692486265.817627
sequential,512,64,1,0.132507377,334541144971.409180
sequential,512,64,1,0.132500773,334472690926.381409
sequential,512,64,1,0.132748204,334956511003.762268
sequential,512,64,1,0.132811467,334632200049.321838
sequential,512,64,1,0.132953055,334755529765.142273
sequential,512,64,1,0.132686285,334349439387.370911
sequential,512,64,1,0.132961906,334424147942.858582
sequential,512,64,1,0.132977638,334353310011.909607
sequential,512,64,1,0.132807305,333582720163.785217
sequential,512,64,1,0.132859979,334314296690.821899
sequential,512,64,1,0.132727269,335203219657.298401
sequential,512,64,1,0.132767333,335498199739.808655
sequential,512,64,1,0.132697270,335391085679.858154
sequential,512,64,1,0.132763246,335253467079.771362
sequential,512,64,1,0.132804976,335570565043.815857
sequential,512,64,1,0.132880106,335242898745.469360
sequential,512,64,1,0.132685417,335470237030.300293
sequential,512,64,1,0.132692979,335321780356.264282
sequential,512,64,1,0.132879877,334633416685.496765
sequential,512,64,1,0.132936795,334904796850.647705
sequential,512,64,1,0.132874514,334316931116.507935
sequential,512,64,1,0.132622491,334219874898.709412
sequential,512,64,1,0.132837106,334418771251.930054
sequential,512,64,1,0.132700018,334469272973.857117
sequential,512,64,1,0.132928720,334241303291.273193
sequential,512,64,1,0.132818778,334962736410.564270
sequential,512,64,1,0.132877467,335288110577.714661
sequential,512,64,1,0.132747079,335177828522.358704
sequential,512,64,1,0.132957654,335300964181.474792
sequential,512,64,1,0.132626083,334774930833.855530
sequential,512,64,1,0.132806563,334545030843.862061
sequential,512,64,1,0.132642075,334772494766.433411
sequential,512,64,1,0.132297528,335123211555.864624
sequential,512,64,1,0.132822724,334912634735.406677
sequential,512,64,1,0.131650682,334260853345.328369
sequential,512,64,1,0.132628616,334102459074.662537
sequential,512,64,1,0.132706020,334666897711.575439
sequential,512,64,1,0.132808374,334612109010.077454
sequential,512,64,1,0.132732354,334999433121.117126
sequential,512,64,1,0.132913573,335425418160.497070
sequential,512,64,1,0.132637297,335285015098.773804
sequential,512,64,1,0.132505015,335397334365.629211
sequential,512,64,1,0.132788965,335191021353.471802
sequential,512,64,1,0.132661668,335353884490.455566
sequential,512,64,1,0.132467765,335688315006.170837
sequential,512,64,1,0.133200307,335419075336.590698
sequential,512,64,1,0.132755288,335683590707.205566
sequential,512,64,1,0.133175537,335538491504.685425
sequential,512,64,1,0.132727763,335524369245.862366
sequential,512,64,1,0.132733180,335494064046.465881
sequential,512,64,1,0.132616377,335344324770.571472
sequential,512,64,1,0.132583431,336288024193.451965
sequential,512,64,1,0.132852444,335675751901.701111
sequential,512,64,1,0.132740703,334968805819.384583
sequential,512,64,1,0.132891050,335400034195.442017
sequential,512,64,1,0.132633563,334801174658.245056
sequential,512,64,1,0.132809101,334535931473.003540
sequential,512,64,1,0.132739363,335152724902.454834
sequential,512,64,1,0.132441515,335002173970.051025
sequential,512,64,1,0.132848962,334414668091.296570
sequential,512,64,1,0.132582131,334659515695.495178
sequential,512,64,1,0.133005588,335275830054.835022
sequential,512,64,1,0.132655802,334563427775.868347
sequential,512,64,1,0.132390623,334565623270.452271
sequential,512,64,1,0.132638077,334573884311.743103
sequential,512,64,1,0.132690947,334335032545.912170
sequential,512,64,1,0.132309496,335244931951.462097
sequential,512,64,1,0.132679785,335233418190.210266
sequential,512,64,1,0.133478408,335367361068.757568
sequential,512,64,1,0.132697182,334922535285.873108
sequential,512,64,1,0.132616984,334462777330.866760
sequential,512,64,1,0.132875927,335179625331.807800
sequential,512,64,1,0.132588454,335240811294.162231
sequential,512,64,1,0.132946542,333730211024.783325
sequential,512,64,1,0.132750627,334153613793.515015
sequential,512,64,1,0.132943557,335104038860.466248
sequential,512,64,1,0.132686517,334690322139.966003
sequential,512,64,1,0.133104557,334710533587.504822
sequential,512,64,1,0.132856441,333949821623.654968
sequential,512,64,1,0.132699368,333886081041.770569
sequential,512,64,1,0.132796531,334992535534.942871
sequential,512,64,1,0.132842282,335070420688.000854
sequential,512,64,1,0.132710506,334522978220.910767
sequential,512,64,1,0.132643241,334741387451.442688
sequential,512,64,1,0.132715193,335276143861.556396
sequential,512,64,1,0.132730690,335438467811.785339
sequential,512,64,1,0.132751462,335425765167.825989
sequential,512,64,1,0.132520098,335101492989.796204
sequential,512,64,1,0.132837367,334505654295.810974
sequential,512,64,1,0.132573980,333788013777.523010
sequential,512,64,1,0.132390086,334417081160.581726
sequential,512,64,1,0.133008474,335515717838.887329
sequential,512,64,1,0.132711961,335349833033.944458
sequential,512,64,1,0.132823703,334792701480.523804
sequential,512,64,1,0.132673668,334485266256.861023
sequential,512,64,1,0.132707992,334605485581.394714
sequential,512,64,1,0.132653778,334769181480.794678
sequential,512,64,1,0.132848085,334416064847.590576
sequential,512,64,1,0.132665649,334580978858.306824
sequential,512,64,1,0.132463557,335149130818.326782
sequential,512,64,1,0.132791838,335191978598.402283
sequential,512,64,1,0.133198913,334929722257.511841
sequential,512,64,1,0.134739973,334733631969.543579
sequential,512,64,1,0.132738736,334512877575.860107
