model,workers,mean_time_off,ci95_time_off,speedup_off,ci95_speedup_off,efficiency_off,mean_time_on,ci95_time_on,speedup_on,ci95_speedup_on,efficiency_on,delta_speedup,time_ratio_on_off,diferencia_significativa
fine_grained,1,0.132155037785,0.0001258585102777,1.0060918941759127,0.0014277954591516357,1.0060918941759127,0.13218170919,0.0001490704010502,1.0055682455954782,0.0015550732377266811,1.0055682455954782,-0.0005236485804345214,1.0002018190562163,False
fine_grained,2,0.1321242384249999,0.0001131722329421,1.0063264233343117,0.001365307494757838,0.5031632116671558,0.1323229843999999,0.0004241680523734,1.0044946462830844,0.003390855984465696,0.5022473231415422,-0.001831777051227279,1.0015042355389834,False
fine_grained,4,0.13231900161,0.0002971024606146,1.0048451898230735,0.0024916520710588693,0.25121129745576837,0.13209003048,9.75269969282725e-05,1.0062661726020672,0.001298366030441424,0.2515665431505168,0.001420982778993718,0.9982695521639828,False
fine_grained,8,0.132163475595,0.000200710732546,1.00602766151097,0.0018586535517074265,0.12575345768887125,0.13200617118,3.154903008272966e-05,1.0069054213288031,0.0010922961970383622,0.1258631776661004,0.0008777598178331125,0.9988097739236063,False
fine_grained,16,0.132012930225,4.7683113632857055e-05,1.0071749188763983,0.0011203990440324936,0.0629484324297749,0.132148662175,0.0002126818285669,1.0058197126050474,0.0019373180039694935,0.06286373203781546,-0.001355206271350884,1.0010281716326472,False
coarse_grained,1,0.132462449245,0.0001676747881421,1.003757012253937,0.0016521882343786248,1.003757012253937,0.132657971725,0.0004701707496001,1.0019581008334613,0.0037060627164320894,1.0019581008334613,-0.001798911420475724,1.0014760596766437,False
coarse_grained,2,0.1328396353149999,0.0001704845242199,1.0009069354542746,0.0016610492088254172,0.5004534677271373,0.1326508442749999,0.0002378239529918,1.0020119369496572,0.0020860189420494517,0.5010059684748286,0.0011050014953826182,0.9985788048909324,False
coarse_grained,3,0.13298878707,0.0001648600404575,0.9997843819721063,0.0016256101668674033,0.3332614606573688,0.133094762515,0.0003254935846179,0.9986698717390923,0.0026611381979470645,0.3328899572463641,-0.00111451023301401,1.00079687503988,False
coarse_grained,4,0.132798558,0.0001195789839771,1.0012165364777528,0.0013865400951293186,0.2503041341194382,0.132883768215,0.0001426814077429,1.0002555706799723,0.0015078934464909557,0.25006389266999307,-0.0009609657977804886,1.0006416501525566,False
smt,1,0.13267654352,0.0002808509880317,1.0021372939215683,0.0023689241572640027,1.0021372939215683,0.1323162323699999,0.0001351763494104,1.004545905133681,0.0014775301645259151,1.004545905133681,0.0024086112121126657,0.9972842889900445,False
smt,2,0.066512121375,3.867784871885747e-05,1.9990358079298294,0.002403143468339359,0.9995179039649147,0.06680446476,0.0001910226859929,1.989653384508308,0.006066329629254754,0.994826692254154,-0.009382423421521402,1.0043953399614447,True
smt,4,0.03438200384,0.0005891786801557,3.8671426164903826,0.06639312197798289,0.9667856541225957,0.03491799839,0.0004269765429433,3.8065678314500886,0.04672058411988794,0.9516419578625221,-0.06057478504029401,1.0155893924186126,False
smt,8,0.03514169782,0.0002777023821688,3.7835426441556033,0.03016276560012538,0.4729428305194504,0.02935012226,0.0001729179422438,4.528694232771485,0.02710798455937705,0.5660867790964357,0.7451515886158822,0.8351936326564202,True
smt,12,0.03576797387,0.0002590136485282,3.7172950520834185,0.027201425604191736,0.3097745876736182,0.031653307615,0.000230078990678,4.199173464798111,0.030844338367428295,0.3499311220665093,0.48187841271469267,0.8849622774285483,True
smt,16,0.036191178195,0.0002552189260833,3.673826576565256,0.026194465695655623,0.2296141610353285,0.030304674215,0.0002180691538785,4.386047131442491,0.03190093029236925,0.2741279457151557,0.7122205548772351,0.837349755559678,True
cmp,1,0.13250069418,0.0001839735774884,1.0034672883251154,0.0017481261733080452,1.0034672883251154,0.13271285641,0.0003279128987785,1.0015437313726943,0.0026920403580183985,1.0015437313726943,-0.0019235569524211904,1.0016012159884369,False
cmp,2,0.066825755975,0.0002210319424076,1.9896536948978376,0.006905885049568348,0.9948268474489188,0.066678918195,5.7564765139758775e-05,1.9933996082732934,0.002722280303867476,0.9966998041366467,0.0037459133754558227,0.9978026768592797,False
cmp,3,0.0458402861749999,6.780731039864363e-05,2.900507902206618,0.0052650913281166185,0.966835967402206,0.04805725062,0.000885519411827,2.765820509812594,0.051047922849064245,0.9219401699375314,-0.13468739239402394,1.0483627967883231,True
cmp,4,0.034510910725,0.0002910226009364,3.852697871391801,0.03274082195725179,0.9631744678479502,0.035726222435,0.0002982141533448,3.7204529432639966,0.031303922436608345,0.9301132358159991,-0.13224492812780442,1.035215289439453,True
