model,n,steps,workers,time_sec,checksum,ns_per_interaction
smt,4096,15,4,0.153907855,4094.133622,0.612
smt,4096,15,2,0.292042097,4094.133622,1.160
smt,2048,60,2,0.319338073,2027.833132,1.269
smt,8192,4,4,0.156597087,8149.761726,0.583
smt,4096,15,16,0.116908509,4094.133622,0.465
smt,2048,60,1,0.600638272,2027.833132,2.387
smt,8192,4,8,0.111896629,8149.761726,0.417
smt,8192,4,2,0.297036364,8149.761726,1.107
smt,1024,250,1,0.724111814,954.156683,2.762
smt,2048,60,4,0.181431710,2027.833132,0.721
smt,2048,60,16,0.124261871,2027.833132,0.494
smt,1024,250,1,0.718859193,954.156683,2.742
smt,1024,250,8,0.156741151,954.156683,0.598
smt,2048,60,1,0.592536394,2027.833132,2.355
smt,1024,250,8,0.157257109,954.156683,0.600
smt,2048,60,1,0.604290834,2027.833132,2.401
smt,4096,15,16,0.108552185,4094.133622,0.431
smt,8192,4,16,0.123649856,8149.761726,0.461
smt,1024,250,1,0.729843626,954.156683,2.784
smt,8192,4,16,0.102149930,8149.761726,0.381
smt,2048,60,4,0.179952262,2027.833132,0.715
smt,1024,250,16,0.142446806,954.156683,0.543
smt,1024,250,8,0.153604968,954.156683,0.586
smt,2048,60,2,0.319231287,2027.833132,1.269
smt,1024,250,8,0.157385896,954.156683,0.600
smt,4096,15,4,0.159948305,4094.133622,0.636
smt,8192,4,8,0.126787772,8149.761726,0.472
smt,8192,4,2,0.300343441,8149.761726,1.119
smt,1024,250,16,0.151210529,954.156683,0.577
smt,8192,4,1,0.588849349,8149.761726,2.194
smt,8192,4,4,0.158070654,8149.761726,0.589
smt,4096,15,8,0.121815186,4094.133622,0.484
smt,2048,60,4,0.174388378,2027.833132,0.693
smt,2048,60,8,0.134718605,2027.833132,0.535
smt,2048,60,2,0.319841318,2027.833132,1.271
smt,4096,15,2,0.292595323,4094.133622,1.163
smt,4096,15,2,0.295358600,4094.133622,1.174
smt,4096,15,2,0.289674407,4094.133622,1.151
smt,4096,15,8,0.124829925,4094.133622,0.496
smt,8192,4,2,0.298771722,8149.761726,1.113
smt,2048,60,16,0.129934495,2027.833132,0.516
smt,8192,4,16,0.114364785,8149.761726,0.426
smt,1024,250,2,0.411311384,954.156683,1.569
smt,2048,60,16,0.120334915,2027.833132,0.478
smt,1024,250,16,0.148975682,954.156683,0.568
smt,8192,4,2,0.303076141,8149.761726,1.129
smt,8192,4,2,0.297584521,8149.761726,1.109
smt,1024,250,8,0.154944841,954.156683,0.591
smt,4096,15,16,0.114220610,4094.133622,0.454
smt,2048,60,8,0.129851592,2027.833132,0.516
smt,4096,15,16,0.114705752,4094.133622,0.456
smt,2048,60,16,0.144673888,2027.833132,0.575
smt,2048,60,1,0.591951090,2027.833132,2.352
smt,1024,250,2,0.386861567,954.156683,1.476
smt,1024,250,8,0.154213517,954.156683,0.588
smt,8192,4,1,0.599459586,8149.761726,2.233
smt,4096,15,2,0.286696635,4094.133622,1.139
smt,8192,4,16,0.101491881,8149.761726,0.378
smt,4096,15,8,0.121468358,4094.133622,0.483
smt,8192,4,1,0.590192397,8149.761726,2.199
smt,2048,60,4,0.174804242,2027.833132,0.695
smt,4096,15,16,0.117963328,4094.133622,0.469
smt,4096,15,4,0.151143416,4094.133622,0.601
smt,1024,250,16,0.149404540,954.156683,0.570
smt,8192,4,4,0.170125065,8149.761726,0.634
smt,8192,4,4,0.156095155,8149.761726,0.581
smt,2048,60,4,0.175215148,2027.833132,0.696
smt,2048,60,4,0.177001770,2027.833132,0.703
smt,1024,250,8,0.157560256,954.156683,0.601
smt,8192,4,8,0.124952480,8149.761726,0.465
smt,4096,15,2,0.290068320,4094.133622,1.153
smt,1024,250,4,0.187324769,954.156683,0.715
smt,4096,15,2,0.286931707,4094.133622,1.140
smt,1024,250,16,0.166789125,954.156683,0.636
smt,8192,4,4,0.197304266,8149.761726,0.735
smt,4096,15,1,0.558284627,4094.133622,2.218
smt,4096,15,1,0.557597093,4094.133622,2.216
smt,8192,4,1,0.587221188,8149.761726,2.188
smt,8192,4,8,0.108255009,8149.761726,0.403
smt,8192,4,4,0.157964019,8149.761726,0.588
smt,1024,250,4,0.183325240,954.156683,0.699
smt,2048,60,8,0.133084593,2027.833132,0.529
smt,1024,250,16,0.151113771,954.156683,0.576
smt,4096,15,1,0.554601519,4094.133622,2.204
smt,8192,4,16,0.107954386,8149.761726,0.402
smt,8192,4,16,0.101137419,8149.761726,0.377
smt,2048,60,16,0.129181781,2027.833132,0.513
smt,2048,60,2,0.325793595,2027.833132,1.295
smt,2048,60,2,0.320191492,2027.833132,1.272
smt,8192,4,16,0.100139245,8149.761726,0.373
smt,4096,15,8,0.117989145,4094.133622,0.469
smt,4096,15,16,0.102015013,4094.133622,0.405
smt,8192,4,2,0.297052354,8149.761726,1.107
smt,8192,4,4,0.159415535,8149.761726,0.594
smt,8192,4,8,0.114787572,8149.761726,0.428
smt,2048,60,8,0.129633241,2027.833132,0.515
smt,2048,60,1,0.598559492,2027.833132,2.378
smt,4096,15,1,0.555428880,4094.133622,2.207
smt,4096,15,16,0.110753289,4094.133622,0.440
smt,4096,15,4,0.153818121,4094.133622,0.611
smt,8192,4,8,0.115878286,8149.761726,0.432
smt,4096,15,4,0.155109524,4094.133622,0.616
smt,1024,250,2,0.413472656,954.156683,1.577
smt,1024,250,1,0.717210733,954.156683,2.736
smt,2048,60,1,0.586370335,2027.833132,2.330
smt,2048,60,2,0.320569896,2027.833132,1.274
smt,8192,4,1,0.580301013,8149.761726,2.162
smt,1024,250,16,0.144135558,954.156683,0.550
smt,4096,15,8,0.118188150,4094.133622,0.470
smt,4096,15,2,0.292900815,4094.133622,1.164
smt,1024,250,4,0.189603586,954.156683,0.723
smt,4096,15,1,0.544014666,4094.133622,2.162
smt,2048,60,16,0.132547886,2027.833132,0.527
smt,1024,250,1,0.733084101,954.156683,2.796
smt,4096,15,8,0.120357086,4094.133622,0.478
smt,2048,60,16,0.127758696,2027.833132,0.508
smt,4096,15,8,0.128017352,4094.133622,0.509
smt,8192,4,8,0.112725643,8149.761726,0.420
smt,1024,250,2,0.413507339,954.156683,1.577
smt,4096,15,4,0.160049911,4094.133622,0.636
smt,2048,60,2,0.327999138,2027.833132,1.303
smt,8192,4,4,0.157117012,8149.761726,0.585
smt,2048,60,2,0.326387216,2027.833132,1.297
smt,8192,4,2,0.302268127,8149.761726,1.126
smt,1024,250,16,0.143253357,954.156683,0.546
smt,8192,4,2,0.303018145,8149.761726,1.129
smt,8192,4,1,0.577412545,8149.761726,2.151
smt,8192,4,8,0.109506278,8149.761726,0.408
smt,4096,15,4,0.160936671,4094.133622,0.640
smt,4096,15,2,0.290933299,4094.133622,1.156
smt,4096,15,8,0.127811584,4094.133622,0.508
smt,4096,15,16,0.119873117,4094.133622,0.476
smt,1024,250,1,0.719390509,954.156683,2.744
smt,1024,250,1,0.717855849,954.156683,2.738
smt,8192,4,1,0.583761971,8149.761726,2.175
smt,4096,15,8,0.121589100,4094.133622,0.483
smt,8192,4,2,0.302683060,8149.761726,1.128
smt,4096,15,16,0.112707209,4094.133622,0.448
smt,2048,60,8,0.126930475,2027.833132,0.504
smt,8192,4,2,0.293124586,8149.761726,1.092
smt,8192,4,16,0.114104397,8149.761726,0.425
smt,4096,15,16,0.105843577,4094.133622,0.421
smt,4096,15,16,0.108147401,4094.133622,0.430
smt,1024,250,16,0.154249223,954.156683,0.588
smt,4096,15,2,0.298361358,4094.133622,1.186
smt,2048,60,1,0.620672335,2027.833132,2.466
smt,1024,250,2,0.429073121,954.156683,1.637
smt,4096,15,1,0.565636496,4094.133622,2.248
smt,2048,60,8,0.131335078,2027.833132,0.522
smt,1024,250,8,0.164917025,954.156683,0.629
smt,2048,60,2,0.327166007,2027.833132,1.300
smt,4096,15,4,0.149627269,4094.133622,0.595
smt,8192,4,8,0.116918738,8149.761726,0.436
smt,1024,250,1,0.737842995,954.156683,2.815
smt,2048,60,16,0.129094741,2027.833132,0.513
smt,8192,4,16,0.105034891,8149.761726,0.391
smt,4096,15,16,0.124878684,4094.133622,0.496
smt,1024,250,2,0.416969841,954.156683,1.591
smt,1024,250,4,0.196597467,954.156683,0.750
smt,8192,4,8,0.113923715,8149.761726,0.424
smt,1024,250,4,0.186681858,954.156683,0.712
smt,1024,250,1,0.734190063,954.156683,2.801
smt,8192,4,4,0.159519446,8149.761726,0.594
smt,4096,15,4,0.171412120,4094.133622,0.681
smt,1024,250,2,0.414702806,954.156683,1.582
smt,2048,60,8,0.133513992,2027.833132,0.531
smt,4096,15,2,0.286504942,4094.133622,1.138
smt,1024,250,16,0.144648100,954.156683,0.552
smt,2048,60,8,0.128618185,2027.833132,0.511
smt,1024,250,16,0.142233754,954.156683,0.543
smt,4096,15,16,0.108528251,4094.133622,0.431
smt,4096,15,1,0.554988601,4094.133622,2.205
smt,8192,4,4,0.154923983,8149.761726,0.577
smt,2048,60,16,0.127698656,2027.833132,0.507
smt,1024,250,16,0.176182345,954.156683,0.672
smt,8192,4,1,0.578698187,8149.761726,2.156
smt,2048,60,16,0.128383825,2027.833132,0.510
smt,1024,250,8,0.156412798,954.156683,0.597
smt,4096,15,8,0.111189350,4094.133622,0.442
smt,2048,60,4,0.183005722,2027.833132,0.727
smt,1024,250,4,0.190330232,954.156683,0.726
smt,2048,60,8,0.127583785,2027.833132,0.507
smt,4096,15,1,0.551372737,4094.133622,2.191
smt,8192,4,1,0.584906354,8149.761726,2.179
smt,2048,60,2,0.318837593,2027.833132,1.267
smt,8192,4,2,0.297321377,8149.761726,1.108
smt,1024,250,8,0.174189843,954.156683,0.664
smt,2048,60,2,0.325743443,2027.833132,1.294
smt,8192,4,16,0.098818269,8149.761726,0.368
smt,4096,15,2,0.290702355,4094.133622,1.155
smt,8192,4,2,0.307656248,8149.761726,1.146
smt,4096,15,16,0.100559969,4094.133622,0.400
smt,2048,60,8,0.131242198,2027.833132,0.522
smt,8192,4,1,0.589295920,8149.761726,2.195
smt,4096,15,2,0.286988801,4094.133622,1.140
smt,2048,60,1,0.589752098,2027.833132,2.343
smt,8192,4,8,0.114855487,8149.761726,0.428
smt,1024,250,2,0.426050416,954.156683,1.625
smt,2048,60,4,0.179887423,2027.833132,0.715
smt,8192,4,16,0.101221374,8149.761726,0.377
smt,2048,60,16,0.125464080,2027.833132,0.499
smt,8192,4,1,0.572315198,8149.761726,2.132
smt,8192,4,2,0.297999984,8149.761726,1.110
smt,1024,250,16,0.146517345,954.156683,0.559
smt,1024,250,8,0.152969992,954.156683,0.584
smt,1024,250,8,0.153861270,954.156683,0.587
smt,1024,250,1,0.727941050,954.156683,2.777
smt,2048,60,2,0.316586227,2027.833132,1.258
smt,2048,60,16,0.130727261,2027.833132,0.519
smt,2048,60,1,0.597933321,2027.833132,2.376
smt,1024,250,4,0.185650733,954.156683,0.708
smt,4096,15,1,0.553985968,4094.133622,2.201
smt,1024,250,4,0.190920997,954.156683,0.728
smt,4096,15,8,0.129294328,4094.133622,0.514
smt,8192,4,16,0.104688034,8149.761726,0.390
smt,1024,250,2,0.421769741,954.156683,1.609
smt,1024,250,4,0.191935942,954.156683,0.732
smt,1024,250,1,0.725026224,954.156683,2.766
smt,1024,250,4,0.192105383,954.156683,0.733
smt,4096,15,1,0.550093536,4094.133622,2.186
smt,1024,250,1,0.736248074,954.156683,2.809
smt,1024,250,1,0.725716613,954.156683,2.768
smt,2048,60,4,0.181585513,2027.833132,0.722
smt,8192,4,1,0.578684352,8149.761726,2.156
smt,2048,60,2,0.320597437,2027.833132,1.274
smt,2048,60,16,0.134647153,2027.833132,0.535
smt,1024,250,4,0.185990227,954.156683,0.709
smt,4096,15,8,0.117181170,4094.133622,0.466
smt,2048,60,1,0.602316646,2027.833132,2.393
smt,8192,4,16,0.095529726,8149.761726,0.356
smt,8192,4,1,0.574001987,8149.761726,2.138
smt,8192,4,4,0.151270530,8149.761726,0.564
smt,4096,15,4,0.150876776,4094.133622,0.600
smt,8192,4,16,0.104487155,8149.761726,0.389
smt,4096,15,1,0.548647419,4094.133622,2.180
smt,2048,60,2,0.320653200,2027.833132,1.274
smt,1024,250,4,0.187444569,954.156683,0.715
smt,8192,4,4,0.160265798,8149.761726,0.597
smt,2048,60,4,0.176789019,2027.833132,0.702
smt,1024,250,8,0.151701010,954.156683,0.579
smt,4096,15,4,0.153982593,4094.133622,0.612
smt,4096,15,8,0.126780108,4094.133622,0.504
smt,1024,250,8,0.156129918,954.156683,0.596
smt,4096,15,1,0.544147881,4094.133622,2.162
smt,8192,4,8,0.118979805,8149.761726,0.443
smt,4096,15,4,0.159274817,4094.133622,0.633
smt,2048,60,4,0.200704514,2027.833132,0.798
smt,4096,15,4,0.155483931,4094.133622,0.618
smt,8192,4,2,0.298239414,8149.761726,1.111
smt,8192,4,4,0.162484074,8149.761726,0.605
smt,2048,60,4,0.175019749,2027.833132,0.695
smt,2048,60,16,0.124555200,2027.833132,0.495
smt,1024,250,4,0.194142556,954.156683,0.741
smt,1024,250,4,0.195886240,954.156683,0.747
smt,2048,60,8,0.118508580,2027.833132,0.471
smt,1024,250,4,0.184470303,954.156683,0.704
smt,8192,4,8,0.110258470,8149.761726,0.411
smt,1024,250,4,0.187273404,954.156683,0.714
smt,1024,250,8,0.156237336,954.156683,0.596
smt,8192,4,16,0.096646438,8149.761726,0.360
smt,4096,15,4,0.151625331,4094.133622,0.603
smt,2048,60,4,0.174401122,2027.833132,0.693
smt,4096,15,16,0.109351233,4094.133622,0.435
smt,1024,250,2,0.412732325,954.156683,1.574
smt,1024,250,1,0.730266253,954.156683,2.786
smt,2048,60,16,0.138538995,2027.833132,0.551
smt,4096,15,8,0.106908975,4094.133622,0.425
smt,4096,15,1,0.552904822,4094.133622,2.197
smt,8192,4,2,0.296330808,8149.761726,1.104
smt,4096,15,4,0.154679433,4094.133622,0.615
smt,1024,250,8,0.156601605,954.156683,0.597
smt,2048,60,2,0.326515631,2027.833132,1.297
smt,8192,4,8,0.112546905,8149.761726,0.419
smt,4096,15,2,0.287251133,4094.133622,1.141
smt,8192,4,2,0.297549456,8149.761726,1.108
smt,2048,60,1,0.591679780,2027.833132,2.351
smt,8192,4,1,0.577045009,8149.761726,2.150
smt,2048,60,2,0.323691012,2027.833132,1.286
smt,4096,15,8,0.116842639,4094.133622,0.464
smt,4096,15,4,0.153456597,4094.133622,0.610
smt,1024,250,2,0.424921282,954.156683,1.621
smt,2048,60,1,0.596721053,2027.833132,2.371
smt,4096,15,4,0.151387194,4094.133622,0.602
smt,2048,60,8,0.132613577,2027.833132,0.527
smt,2048,60,4,0.182207146,2027.833132,0.724
smt,2048,60,8,0.129829963,2027.833132,0.516
smt,8192,4,1,0.576604049,8149.761726,2.148
smt,4096,15,16,0.115073047,4094.133622,0.457
smt,4096,15,16,0.114430376,4094.133622,0.455
smt,8192,4,16,0.110711993,8149.761726,0.412
smt,8192,4,8,0.118254102,8149.761726,0.441
smt,4096,15,4,0.152837118,4094.133622,0.607
smt,1024,250,2,0.412123316,954.156683,1.572
smt,8192,4,2,0.301192070,8149.761726,1.122
smt,2048,60,4,0.177812520,2027.833132,0.707
smt,2048,60,4,0.180078604,2027.833132,0.716
smt,1024,250,16,0.147557537,954.156683,0.563
smt,2048,60,1,0.592870800,2027.833132,2.356
smt,8192,4,1,0.579545383,8149.761726,2.159
smt,2048,60,8,0.133769431,2027.833132,0.532
smt,4096,15,8,0.122271955,4094.133622,0.486
smt,8192,4,4,0.156223260,8149.761726,0.582
smt,2048,60,8,0.138948067,2027.833132,0.552
smt,8192,4,4,0.155162080,8149.761726,0.578
smt,8192,4,1,0.571884737,8149.761726,2.130
smt,2048,60,8,0.125334612,2027.833132,0.498
smt,1024,250,16,0.144050763,954.156683,0.550
smt,1024,250,1,0.715650647,954.156683,2.730
smt,4096,15,1,0.555971377,4094.133622,2.209
smt,2048,60,16,0.124892730,2027.833132,0.496
smt,4096,15,1,0.552519414,4094.133622,2.196
smt,1024,250,2,0.419050264,954.156683,1.599
smt,8192,4,4,0.156260819,8149.761726,0.582
smt,2048,60,1,0.587839174,2027.833132,2.336
smt,2048,60,1,0.602787812,2027.833132,2.395
smt,8192,4,2,0.298833506,8149.761726,1.113
smt,8192,4,1,0.572185239,8149.761726,2.132
smt,1024,250,4,0.187626032,954.156683,0.716
smt,1024,250,1,0.726047672,954.156683,2.770
smt,1024,250,16,0.144675260,954.156683,0.552
smt,2048,60,1,0.598103334,2027.833132,2.377
smt,8192,4,16,0.091740263,8149.761726,0.342
smt,2048,60,1,0.590858662,2027.833132,2.348
smt,1024,250,1,0.735762001,954.156683,2.807
smt,8192,4,4,0.157781563,8149.761726,0.588
smt,8192,4,16,0.110533105,8149.761726,0.412
smt,4096,15,8,0.129387369,4094.133622,0.514
smt,2048,60,1,0.602990194,2027.833132,2.396
smt,1024,250,2,0.419389237,954.156683,1.600
smt,2048,60,2,0.317678204,2027.833132,1.262
smt,8192,4,16,0.101198913,8149.761726,0.377
smt,8192,4,4,0.152424860,8149.761726,0.568
smt,1024,250,16,0.148595514,954.156683,0.567
smt,2048,60,8,0.154148788,2027.833132,0.613
smt,2048,60,16,0.132799479,2027.833132,0.528
smt,1024,250,8,0.158511845,954.156683,0.605
smt,4096,15,1,0.553509393,4094.133622,2.199
smt,1024,250,16,0.158198630,954.156683,0.603
smt,8192,4,4,0.154673803,8149.761726,0.576
smt,2048,60,16,0.131912258,2027.833132,0.524
smt,2048,60,8,0.125070146,2027.833132,0.497
smt,2048,60,4,0.177670529,2027.833132,0.706
smt,4096,15,4,0.151076873,4094.133622,0.600
smt,8192,4,8,0.133320416,8149.761726,0.497
smt,1024,250,1,0.712266448,954.156683,2.717
smt,1024,250,16,0.146160620,954.156683,0.558
smt,4096,15,2,0.285825774,4094.133622,1.136
smt,4096,15,16,0.101662595,4094.133622,0.404
smt,1024,250,16,0.144926091,954.156683,0.553
smt,2048,60,2,0.328725202,2027.833132,1.306
smt,4096,15,8,0.113768008,4094.133622,0.452
smt,2048,60,1,0.595952131,2027.833132,2.368
smt,2048,60,4,0.178550245,2027.833132,0.709
smt,8192,4,1,0.569724287,8149.761726,2.122
smt,2048,60,16,0.124319217,2027.833132,0.494
smt,8192,4,8,0.110698578,8149.761726,0.412
smt,4096,15,4,0.151594926,4094.133622,0.602
smt,1024,250,4,0.197008442,954.156683,0.752
smt,8192,4,8,0.120961457,8149.761726,0.451
smt,4096,15,2,0.286976539,4094.133622,1.140
smt,8192,4,2,0.294842904,8149.761726,1.098
smt,4096,15,2,0.290366388,4094.133622,1.154
smt,1024,250,2,0.430045518,954.156683,1.640
smt,8192,4,1,0.572131210,8149.761726,2.131
smt,1024,250,2,0.429622120,954.156683,1.639
smt,1024,250,1,0.731541847,954.156683,2.791
smt,1024,250,2,0.413156986,954.156683,1.576
smt,2048,60,4,0.169468658,2027.833132,0.673
smt,4096,15,8,0.133425970,4094.133622,0.530
smt,2048,60,8,0.143211802,2027.833132,0.569
smt,8192,4,4,0.156109771,8149.761726,0.582
smt,1024,250,8,0.155343924,954.156683,0.593
smt,1024,250,8,0.157664669,954.156683,0.601
smt,2048,60,16,0.131533963,2027.833132,0.523
smt,4096,15,8,0.124368958,4094.133622,0.494
smt,4096,15,2,0.293234438,4094.133622,1.165
smt,1024,250,4,0.195781418,954.156683,0.747
smt,4096,15,2,0.294429103,4094.133622,1.170
smt,4096,15,2,0.290199822,4094.133622,1.153
smt,8192,4,8,0.109042465,8149.761726,0.406
smt,2048,60,8,0.132575677,2027.833132,0.527
smt,8192,4,8,0.113771024,8149.761726,0.424
smt,2048,60,4,0.173161404,2027.833132,0.688
smt,1024,250,2,0.419831560,954.156683,1.602
smt,4096,15,16,0.106327346,4094.133622,0.423
smt,8192,4,2,0.297897467,8149.761726,1.110
smt,1024,250,2,0.419947172,954.156683,1.602
smt,4096,15,1,0.549981560,4094.133622,2.185
smt,1024,250,1,0.736679598,954.156683,2.810
smt,2048,60,1,0.604234360,2027.833132,2.401
smt,4096,15,1,0.541951835,4094.133622,2.154
smt,4096,15,1,0.552963870,4094.133622,2.197
smt,4096,15,1,0.548347087,4094.133622,2.179
smt,1024,250,4,0.183516752,954.156683,0.700
smt,8192,4,16,0.097087779,8149.761726,0.362
smt,2048,60,2,0.316794078,2027.833132,1.259
smt,4096,15,16,0.109166182,4094.133622,0.434
smt,2048,60,2,0.322935935,2027.833132,1.283
smt,1024,250,8,0.153457207,954.156683,0.585
smt,1024,250,2,0.429601642,954.156683,1.639
