model,n,steps,workers,chunk,time_sec,checksum,ns_per_interaction
cgmt,1024,250,16,128,0.188540518,954.156683,0.719
cgmt,1024,250,1,1,0.804016900,954.156683,3.067
cgmt,1024,250,4,1,0.167830664,954.156683,0.640
cgmt,2048,60,8,8,0.079387703,2027.833132,0.315
cgmt,4096,15,1,128,0.537160429,4094.133622,2.134
cgmt,2048,60,8,8,0.077793061,2027.833132,0.309
cgmt,1024,250,2,32,0.426246566,954.156683,1.626
cgmt,2048,60,1,1,0.612741985,2027.833132,2.435
cgmt,8192,4,4,128,0.150645128,8149.761726,0.561
cgmt,1024,250,8,32,0.116171069,954.156683,0.443
cgmt,4096,15,16,128,0.075692199,4094.133622,0.301
cgmt,4096,15,2,128,0.278975631,4094.133622,1.109
cgmt,1024,250,16,1,0.118289884,954.156683,0.451
cgmt,1024,250,4,128,0.196389458,954.156683,0.749
cgmt,8192,4,1,32,0.555631017,8149.761726,2.070
cgmt,2048,60,1,1,0.604833064,2027.833132,2.403
cgmt,4096,15,8,8,0.073013995,4094.133622,0.290
cgmt,4096,15,4,8,0.142639000,4094.133622,0.567
cgmt,8192,4,4,128,0.147021557,8149.761726,0.548
cgmt,2048,60,4,32,0.170587522,2027.833132,0.678
cgmt,8192,4,4,8,0.145525816,8149.761726,0.542
cgmt,2048,60,4,32,0.161850549,2027.833132,0.643
cgmt,2048,60,2,32,0.321525418,2027.833132,1.278
cgmt,8192,4,16,1,0.071152793,8149.761726,0.265
cgmt,8192,4,2,1,0.286279500,8149.761726,1.066
cgmt,2048,60,1,8,0.606820789,2027.833132,2.411
cgmt,2048,60,16,32,0.080453092,2027.833132,0.320
cgmt,8192,4,2,32,0.285976803,8149.761726,1.065
cgmt,1024,250,16,128,0.136059523,954.156683,0.519
cgmt,8192,4,8,32,0.075204752,8149.761726,0.280
cgmt,2048,60,2,8,0.316685541,2027.833132,1.258
cgmt,4096,15,2,1,0.282881933,4094.133622,1.124
cgmt,2048,60,2,1,0.318023941,2027.833132,1.264
cgmt,4096,15,4,128,0.150998328,4094.133622,0.600
cgmt,8192,4,1,128,0.562087668,8149.761726,2.094
cgmt,4096,15,4,128,0.147177332,4094.133622,0.585
cgmt,2048,60,16,32,0.081329623,2027.833132,0.323
cgmt,1024,250,1,8,0.769211380,954.156683,2.934
cgmt,2048,60,16,128,0.082043054,2027.833132,0.326
cgmt,2048,60,2,1,0.319041782,2027.833132,1.268
cgmt,8192,4,8,128,0.082406442,8149.761726,0.307
cgmt,4096,15,8,32,0.075611791,4094.133622,0.300
cgmt,2048,60,2,128,0.314747868,2027.833132,1.251
cgmt,1024,250,8,32,0.107770234,954.156683,0.411
cgmt,4096,15,16,128,0.079544671,4094.133622,0.316
cgmt,4096,15,4,32,0.144545204,4094.133622,0.574
cgmt,1024,250,16,32,0.122104918,954.156683,0.466
cgmt,1024,250,2,8,0.418078569,954.156683,1.595
cgmt,2048,60,4,8,0.161354768,2027.833132,0.641
cgmt,2048,60,4,8,0.166433134,2027.833132,0.661
cgmt,8192,4,4,1,0.146632721,8149.761726,0.546
cgmt,4096,15,2,32,0.279650242,4094.133622,1.111
cgmt,1024,250,4,8,0.167946367,954.156683,0.641
cgmt,2048,60,8,128,0.097857789,2027.833132,0.389
cgmt,4096,15,2,32,0.287532603,4094.133622,1.143
cgmt,1024,250,4,128,0.209692475,954.156683,0.800
cgmt,8192,4,8,1,0.074496861,8149.761726,0.278
cgmt,8192,4,8,1,0.074664319,8149.761726,0.278
cgmt,1024,250,8,8,0.101901584,954.156683,0.389
cgmt,2048,60,16,128,0.083862289,2027.833132,0.333
cgmt,1024,250,1,1,0.784784311,954.156683,2.994
cgmt,2048,60,8,8,0.077011724,2027.833132,0.306
cgmt,2048,60,16,1,0.079574025,2027.833132,0.316
cgmt,1024,250,16,8,0.115644200,954.156683,0.441
cgmt,2048,60,1,128,0.614319164,2027.833132,2.441
cgmt,4096,15,8,8,0.072151089,4094.133622,0.287
cgmt,2048,60,1,32,0.609171280,2027.833132,2.421
cgmt,4096,15,8,128,0.073931942,4094.133622,0.294
cgmt,8192,4,2,32,0.286732833,8149.761726,1.068
cgmt,8192,4,8,128,0.075822608,8149.761726,0.282
cgmt,8192,4,2,32,0.283915293,8149.761726,1.058
cgmt,1024,250,1,128,0.779378660,954.156683,2.973
cgmt,2048,60,1,128,0.594999605,2027.833132,2.364
cgmt,1024,250,8,1,0.102145402,954.156683,0.390
cgmt,8192,4,16,32,0.074185058,8149.761726,0.276
cgmt,2048,60,1,32,0.596802851,2027.833132,2.371
cgmt,2048,60,4,32,0.169694841,2027.833132,0.674
cgmt,2048,60,2,8,0.320457786,2027.833132,1.273
cgmt,8192,4,16,8,0.075235489,8149.761726,0.280
cgmt,8192,4,4,32,0.146908819,8149.761726,0.547
cgmt,1024,250,1,8,0.774067268,954.156683,2.953
cgmt,2048,60,4,1,0.168170698,2027.833132,0.668
cgmt,4096,15,2,8,0.286444620,4094.133622,1.138
cgmt,8192,4,4,128,0.151255073,8149.761726,0.563
cgmt,1024,250,16,8,0.116564695,954.156683,0.445
cgmt,4096,15,2,32,0.283416003,4094.133622,1.126
cgmt,2048,60,4,1,0.168387732,2027.833132,0.669
cgmt,2048,60,1,32,0.617638974,2027.833132,2.454
cgmt,8192,4,4,32,0.147425293,8149.761726,0.549
cgmt,1024,250,4,128,0.213793201,954.156683,0.816
cgmt,8192,4,16,8,0.074035134,8149.761726,0.276
cgmt,8192,4,2,32,0.281749558,8149.761726,1.050
