model,n,steps,workers,quantum,time_sec,checksum,ns_per_interaction
fgmt,2048,60,8,64,0.548670,2027.833132,2.1802
fgmt,1024,250,2,64,0.577524,954.156683,2.2031
fgmt,2048,60,2,8,0.553432,2027.833132,2.1991
fgmt,8192,4,2,8,0.590756,8149.761726,2.2007
fgmt,8192,4,8,8,0.582591,8149.761726,2.1703
fgmt,4096,15,1,64,0.551583,4094.133622,2.1918
fgmt,1024,250,16,64,0.591556,954.156683,2.2566
fgmt,1024,250,1,8,0.595572,954.156683,2.2719
fgmt,4096,15,4,8,0.550135,4094.133622,2.1860
fgmt,8192,4,1,64,0.582356,8149.761726,2.1694
fgmt,4096,15,4,64,0.540980,4094.133622,2.1497
fgmt,2048,60,16,64,0.554469,2027.833132,2.2033
fgmt,1024,250,4,64,0.587872,954.156683,2.2426
fgmt,1024,250,8,64,0.594456,954.156683,2.2677
fgmt,4096,15,8,64,0.550604,4094.133622,2.1879
fgmt,4096,15,1,64,0.536659,4094.133622,2.1325
fgmt,8192,4,2,64,0.573422,8149.761726,2.1362
fgmt,2048,60,16,8,0.548995,2027.833132,2.1815
fgmt,2048,60,8,8,0.544198,2027.833132,2.1624
fgmt,4096,15,1,64,0.538485,4094.133622,2.1397
fgmt,2048,60,4,8,0.549815,2027.833132,2.1848
fgmt,2048,60,8,64,0.542079,2027.833132,2.1540
fgmt,1024,250,2,64,0.592314,954.156683,2.2595
fgmt,4096,15,2,64,0.545370,4094.133622,2.1671
fgmt,2048,60,1,64,0.533016,2027.833132,2.1180
fgmt,4096,15,8,64,0.529978,4094.133622,2.1059
fgmt,1024,250,16,8,0.593942,954.156683,2.2657
fgmt,4096,15,1,8,0.533435,4094.133622,2.1197
fgmt,2048,60,2,64,0.532833,2027.833132,2.1173
fgmt,8192,4,16,64,0.565372,8149.761726,2.1062
fgmt,4096,15,8,8,0.535804,4094.133622,2.1291
fgmt,1024,250,8,64,0.575223,954.156683,2.1943
fgmt,4096,15,16,8,0.538032,4094.133622,2.1379
fgmt,1024,250,4,8,0.586533,954.156683,2.2374
fgmt,8192,4,1,8,0.573398,8149.761726,2.1361
fgmt,1024,250,16,64,0.574031,954.156683,2.1898
fgmt,8192,4,4,8,0.578749,8149.761726,2.1560
fgmt,1024,250,4,64,0.563057,954.156683,2.1479
fgmt,8192,4,8,64,0.564026,8149.761726,2.1012
fgmt,2048,60,16,64,0.537924,2027.833132,2.1375
fgmt,8192,4,4,8,0.569182,8149.761726,2.1204
fgmt,1024,250,8,8,0.592880,954.156683,2.2617
fgmt,2048,60,1,8,0.547269,2027.833132,2.1747
fgmt,8192,4,16,8,0.573505,8149.761726,2.1365
fgmt,2048,60,16,8,0.552166,2027.833132,2.1941
fgmt,2048,60,2,8,0.549923,2027.833132,2.1852
fgmt,8192,4,4,64,0.566578,8149.761726,2.1107
fgmt,4096,15,4,64,0.536500,4094.133622,2.1319
fgmt,8192,4,1,8,0.567859,8149.761726,2.1154
fgmt,1024,250,8,8,0.592677,954.156683,2.2609
fgmt,8192,4,2,8,0.578407,8149.761726,2.1547
fgmt,2048,60,16,8,0.544977,2027.833132,2.1655
fgmt,2048,60,8,8,0.551484,2027.833132,2.1914
fgmt,2048,60,4,64,0.542132,2027.833132,2.1542
fgmt,8192,4,16,8,0.565699,8149.761726,2.1074
fgmt,2048,60,1,8,0.542030,2027.833132,2.1538
fgmt,1024,250,1,8,0.576059,954.156683,2.1975
fgmt,1024,250,16,64,0.576873,954.156683,2.2006
fgmt,4096,15,8,8,0.537250,4094.133622,2.1348
fgmt,1024,250,1,64,0.554240,954.156683,2.1143
fgmt,1024,250,1,64,0.557050,954.156683,2.1250
fgmt,8192,4,16,8,0.569070,8149.761726,2.1200
fgmt,8192,4,4,64,0.574452,8149.761726,2.1400
fgmt,4096,15,2,8,0.533614,4094.133622,2.1204
fgmt,2048,60,1,64,0.537260,2027.833132,2.1349
fgmt,1024,250,1,8,0.583776,954.156683,2.2269
fgmt,8192,4,1,8,0.566411,8149.761726,2.1100
fgmt,8192,4,2,64,0.575254,8149.761726,2.1430
fgmt,1024,250,16,8,0.593180,954.156683,2.2628
fgmt,8192,4,4,64,0.569336,8149.761726,2.1209
fgmt,8192,4,1,64,0.567808,8149.761726,2.1153
fgmt,4096,15,8,8,0.547479,4094.133622,2.1755
fgmt,4096,15,4,8,0.538526,4094.133622,2.1399
fgmt,4096,15,16,64,0.532781,4094.133622,2.1171
fgmt,8192,4,16,64,0.567704,8149.761726,2.1149
fgmt,1024,250,4,64,0.559544,954.156683,2.1345
fgmt,8192,4,8,64,0.570093,8149.761726,2.1238
fgmt,4096,15,2,8,0.536841,4094.133622,2.1332
fgmt,4096,15,16,8,0.540309,4094.133622,2.1470
fgmt,4096,15,16,64,0.535191,4094.133622,2.1267
fgmt,4096,15,1,8,0.541515,4094.133622,2.1518
fgmt,2048,60,1,64,0.540129,2027.833132,2.1463
fgmt,1024,250,2,8,0.575275,954.156683,2.1945
fgmt,4096,15,16,8,0.535570,4094.133622,2.1282
fgmt,1024,250,4,8,0.580592,954.156683,2.2148
fgmt,2048,60,4,8,0.546080,2027.833132,2.1699
fgmt,4096,15,4,64,0.533388,4094.133622,2.1195
fgmt,4096,15,2,64,0.533621,4094.133622,2.1204
fgmt,2048,60,4,64,0.543026,2027.833132,2.1578
fgmt,1024,250,16,8,0.591862,954.156683,2.2578
fgmt,2048,60,2,64,0.530610,2027.833132,2.1085
fgmt,2048,60,8,64,0.533071,2027.833132,2.1182
fgmt,1024,250,2,8,0.579233,954.156683,2.2096
fgmt,4096,15,8,64,0.531593,4094.133622,2.1124
fgmt,8192,4,8,8,0.563712,8149.761726,2.1000
fgmt,1024,250,8,8,0.583485,954.156683,2.2258
fgmt,8192,4,1,64,0.562406,8149.761726,2.0951
fgmt,4096,15,2,64,0.528214,4094.133622,2.0989
fgmt,1024,250,2,64,0.559539,954.156683,2.1345
fgmt,8192,4,2,8,0.565689,8149.761726,2.1074
fgmt,1024,250,2,8,0.575564,954.156683,2.1956
fgmt,4096,15,4,8,0.553909,4094.133622,2.2010
fgmt,8192,4,4,8,0.576657,8149.761726,2.1482
fgmt,2048,60,16,64,0.536440,2027.833132,2.1316
fgmt,2048,60,2,64,0.534318,2027.833132,2.1232
fgmt,8192,4,16,64,0.562416,8149.761726,2.0952
fgmt,2048,60,1,8,0.547766,2027.833132,2.1766
fgmt,4096,15,1,8,0.533874,4094.133622,2.1214
fgmt,2048,60,8,8,0.546038,2027.833132,2.1698
fgmt,1024,250,1,64,0.554673,954.156683,2.1159
fgmt,8192,4,2,64,0.569656,8149.761726,2.1221
fgmt,8192,4,8,8,0.567858,8149.761726,2.1154
fgmt,2048,60,4,8,0.537894,2027.833132,2.1374
fgmt,4096,15,2,8,0.534392,4094.133622,2.1235
fgmt,4096,15,16,64,0.539489,4094.133622,2.1437
fgmt,1024,250,8,64,0.571451,954.156683,2.1799
fgmt,1024,250,4,8,0.581815,954.156683,2.2194
fgmt,2048,60,4,64,0.529029,2027.833132,2.1022
fgmt,2048,60,2,8,0.539945,2027.833132,2.1455
fgmt,8192,4,8,64,0.568610,8149.761726,2.1182
