model,n,workers,mean,std,count,ci95_halfwidth,speedup,efficiency
cgmt,1024,1,2.9842,0.051407197939588235,5,0.06383046693012155,0.7183143723611018,0.7183143723611018
cgmt,1024,2,1.6105,0.021920310216782993,2,0.19694617341469764,1.3310113318845078,0.6655056659422539
cgmt,1024,4,0.7292,0.08466817583956797,5,0.1051294257335775,2.9396513302249043,0.7349128325562261
cgmt,1024,8,0.40825,0.025289984842489194,4,0.040242009411337376,5.250688916105328,0.656336114513166
cgmt,1024,16,0.5068333333333334,0.10780058750612938,6,0.11312977853065793,4.229385892798422,0.26433661829990135
cgmt,2048,1,2.4125,0.03224903099319419,8,0.02696086461259533,0.8881329283544757,0.8881329283544757
cgmt,2048,2,1.2653333333333332,0.00987252078583108,6,0.010360575168265045,1.6933250971985032,0.8466625485992516
cgmt,2048,4,0.662,0.014651507317223955,7,0.013550384248785241,3.236587144494218,0.8091467861235545
cgmt,2048,8,0.32975,0.03967681942898146,4,0.06313467369859645,6.497712478105148,0.8122140597631435
cgmt,2048,16,0.3236,0.006426507605223854,5,0.007979563127589163,6.6212011423213,0.41382507139508123
cgmt,4096,1,2.134,,1,,1.0065292096219933,1.0065292096219933
cgmt,4096,2,1.1251666666666666,0.013761056161017087,6,0.014441342777981543,1.9089912605539923,0.9544956302769961
cgmt,4096,4,0.5814999999999999,0.014387494569938186,4,0.022893714468198587,3.6937804528518208,0.9234451132129552
cgmt,4096,8,0.29274999999999995,0.005619905100029129,4,0.008942523110817942,7.337090805579279,0.9171363506974098
cgmt,4096,16,0.3085,0.010606601717798222,2,0.09529653552324079,6.962506753106429,0.4351566720691518
cgmt,8192,1,2.082,0.016970562748477157,2,0.1524744568371853,1.029644572526417,1.029644572526417
cgmt,8192,2,1.0614000000000001,0.007402702209328622,5,0.009191668822746833,2.019709817222536,1.009854908611268
cgmt,8192,4,0.5508571428571429,0.007946247991527603,7,0.007349053670045076,3.891607883817427,0.9729019709543567
cgmt,8192,8,0.28500000000000003,0.012409673645990844,5,0.015408644995684903,7.521824561403508,0.9402280701754385
cgmt,8192,16,0.27425,0.006448514040717715,4,0.010261024841727891,7.816663628076573,0.4885414767547858
cmp,1024,2,1.5893548387096774,0.037030211437956796,31,0.013582791214301787,1.3487194286584128,0.6743597143292064
cmp,1024,4,0.7262,0.021256074182575982,30,0.007937148543159283,2.951795304323878,0.7379488260809695
cmp,1024,8,0.584,0.019316584449187973,24,0.008156678252245265,3.6705372431506853,0.45881715539383566
cmp,1024,16,0.5614074074074075,0.012801019368241549,27,0.005063914607484111,3.81824985156353,0.23864061572272063
cmp,2048,2,1.2814545454545454,0.02020688451538683,33,0.007165049694713354,1.6720223883517946,0.8360111941758973
cmp,2048,4,0.70603125,0.017053018605173314,32,0.0061482688457140415,3.0347391700511452,0.7586847925127863
cmp,2048,8,0.5116296296296297,0.03797078649146772,27,0.015020742867465641,4.187835429324573,0.5234794286655716
cmp,2048,16,0.50876,0.051182907303122215,25,0.021127265752570852,4.211456658650784,0.263216041165674
cmp,4096,2,1.161896551724138,0.025336795416359238,29,0.009637601547925843,1.8486442103180492,0.9243221051590246
cmp,4096,4,0.6089032258064516,0.011088597262382304,31,0.004067330312892418,3.527544677544678,0.8818861693861695
cmp,4096,8,0.48148148148148145,0.02990159549431122,27,0.011828677221314433,4.461092307692308,0.5576365384615385
cmp,4096,16,0.44045833333333334,0.04167052880651376,24,0.01759592110964208,4.8765868886576484,0.30478668054110303
cmp,8192,2,1.1128064516129033,0.016375630990058947,31,0.006006629940881955,1.926408673217961,0.9632043366089805
cmp,8192,4,0.5867777777777777,0.01874183582940613,27,0.00741402332872464,3.6533762544972546,0.9133440636243136
cmp,8192,8,0.44323999999999997,0.04019668311357708,25,0.016592375292065815,4.8364768522696515,0.6045596065337064
cmp,8192,16,0.38012,0.02434700529154801,25,0.010049949840235148,5.639587498684626,0.3524742186677891
fgmt,1024,1,2.17525,0.06673289293893991,6,0.07003187620348661,0.9854470750488449,0.9854470750488449
fgmt,1024,2,2.1994666666666665,0.03995040258453803,6,0.04192537630040685,0.9745970614088264,0.4872985307044132
fgmt,1024,4,2.1994333333333334,0.046500867375422986,6,0.048799667509845324,0.9746118318354727,0.24365295795886818
fgmt,1024,8,2.231716666666667,0.03785617078716052,6,0.039727614814035465,0.9605133940240322,0.12006417425300403
fgmt,1024,16,2.2388833333333333,0.034169133244299085,6,0.03585830621092216,0.9574387901706952,0.05983992438566845
fgmt,2048,1,2.1507166666666664,0.022780291189242352,6,0.0239064494611994,0.9962356840689566,0.9962356840689566
fgmt,2048,2,2.1464666666666665,0.03769608290879383,6,0.03955961288896213,0.9982082288669003,0.49910411443345015
fgmt,2048,4,2.15105,0.028714160269804376,6,0.030133663156818005,0.9960813043189012,0.2490203260797253
fgmt,2048,8,2.1626666666666665,0.025441593241514307,6,0.026699314683381915,0.9907308984225521,0.12384136230281902
fgmt,2048,16,2.1689166666666666,0.029549850535436916,6,0.031010666305486934,0.9878759855481642,0.061742249096760266
fgmt,4096,1,2.1428166666666666,0.026792791319059532,6,0.028117310102516814,1.002387822881099,1.002387822881099
fgmt,4096,2,2.12725,0.022516904760645898,6,0.023630042355965362,1.0097230383515494,0.5048615191757747
fgmt,4096,4,2.154666666666667,0.032019660626975296,6,0.03360257303932208,0.996875,0.24921875
fgmt,4096,8,2.1409333333333334,0.0335256717556362,6,0.0351830347918188,1.0032696020427228,0.12540870025534034
fgmt,4096,16,2.133433333333333,0.011392219567172296,6,0.011955401231311011,1.0067965564114183,0.06292478477571364
fgmt,8192,1,2.12355,0.0260277352068906,6,0.027314432951886475,1.0094982458618824,1.0094982458618824
fgmt,8192,2,2.144016666666667,0.03228122777508109,6,0.033877070926770246,0.9998616304288679,0.49993081521443394
fgmt,8192,4,2.1327000000000003,0.01794970751850867,6,0.018837062795631902,1.0051671590003282,0.25129178975008204
fgmt,8192,8,2.1214833333333334,0.02572612809317919,6,0.02699791569751156,1.0104816598449198,0.12631020748061497
fgmt,8192,16,2.1133666666666664,0.014131477865625443,6,0.014830076516588573,1.0143625494866013,0.06339765934291258
sequential,1024,1,2.14359375,0.022201219633745446,32,0.008004393249744229,1.0,1.0
sequential,2048,1,2.1426206896551725,0.02342985548565797,29,0.008912240391318731,1.0,1.0
sequential,4096,1,2.1479333333333335,0.028281751559342396,30,0.010560579590526413,1.0,1.0
sequential,8192,1,2.14372,0.0233158029384936,25,0.009624290429591863,1.0,1.0
smt,1024,1,2.77245,0.030006095871900448,20,0.01404328514846638,0.7731767029161932,0.7731767029161932
smt,1024,2,1.59535,0.03739585538532318,20,0.0175017990607268,1.3436510797003791,0.6718255398501896
smt,1024,4,0.72355,0.017046299181625153,20,0.007977913593144485,2.962606246976712,0.740651561744178
smt,1024,8,0.59885,0.018570704150127938,20,0.008691357079621875,3.5795169908992235,0.44743962386240294
smt,1024,16,0.5713,0.03270457878775095,20,0.015306214028562424,3.75213329249081,0.23450833078067562
smt,2048,1,2.3739999999999997,0.030920951847540137,20,0.0144714509248651,0.9025360950527266,0.9025360950527266
smt,2048,2,1.2805,0.015486836515672231,20,0.007248062599204517,1.6732687931707713,0.8366343965853856
smt,2048,4,0.7099,0.024916492107585467,20,0.01166127726379797,3.018200717925303,0.7545501794813257
smt,2048,8,0.5246999999999999,0.029277438772075507,20,0.01370226312840816,4.083515703554741,0.5104394629443426
smt,2048,16,0.51525,0.021985342006843902,20,0.01028945678927175,4.158409878030417,0.25990061737690107
smt,4096,1,2.1948,0.02163963225682283,20,0.010127659645822061,0.9786464977826379,0.9786464977826379
smt,4096,2,1.1539,0.013756912138228845,20,0.00643843306854402,1.8614553543056882,0.9307276771528441
smt,4096,4,0.6165,0.020265345063095207,20,0.009484473440599144,3.4840767775074344,0.8710191943768586
smt,4096,8,0.48355,0.026370787266455132,20,0.012341908349335705,4.442008754696171,0.5552510943370214
smt,4096,16,0.4415,0.02510713884640445,20,0.01175050268410223,4.865081162702907,0.3040675726689317
smt,8192,1,2.1614999999999998,0.02915927224562937,20,0.01364695949167477,0.9917742308582005,0.9917742308582005
smt,8192,2,1.1144500000000002,0.012517251253664558,20,0.005858253915492686,1.9235676791242315,0.9617838395621158
smt,8192,4,0.5941,0.03624173226950851,20,0.016961652815743303,3.60834876283454,0.902087190708635
smt,8192,8,0.43185,0.02419716164303052,20,0.011324620243409527,4.964038439272896,0.620504804909112
smt,8192,16,0.38795,0.028322345650703015,20,0.013255265788133274,5.525763629333677,0.3453602268333548
