model,workers,mean_time,std_time,n,ci95_time,n_checksums_distintos,speedup,efficiency,ci95_speedup
cmp,1,0.13271285641,0.00236605811324931,200,0.0003279128987785805,200,1.0015437313726943,1.0015437313726943,0.0024746593291107063
cmp,2,0.066678918195,0.00041535901790855053,200,5.7564765139758775e-05,200,1.9933996082732934,0.9966998041366467,0.0017209274443289319
cmp,3,0.04805725062,0.0063894723159640295,200,0.0008855194118270945,200,2.765820509812594,0.9219401699375314,0.05096395901702466
cmp,4,0.035726222435,0.002151766580807236,200,0.00029821415334485774,200,3.7204529432639966,0.9301132358159991,0.031055388700931285
coarse_grained,1,0.132657971725,0.0033925207603834155,200,0.0004701707496001049,200,1.0019581008334613,1.0019581008334613,0.0035511728787270967
coarse_grained,2,0.13265084427499998,0.0017160206127829346,200,0.00023782395299187507,200,1.0020119369496565,0.5010059684748283,0.0017964638000824576
coarse_grained,3,0.133094762515,0.0023486015327992306,200,0.00032549358461799756,200,0.9986698717390923,0.3328899572463641,0.002442324778675781
coarse_grained,4,0.132883768215,0.001029518825448787,200,0.0001426814077429458,200,1.0002555706799723,0.25006389266999307,0.0010740053118935557
fine_grained,1,0.13218170919,0.001075618657161614,200,0.0001490704010502145,200,1.0055682455954782,1.0055682455954782,0.001134048444167183
fine_grained,2,0.13232298439999998,0.003060587934898338,200,0.000424168052373409,200,1.0044946462830837,0.5022473231415419,0.003219958646378687
fine_grained,4,0.13209003048,0.0007037068172752605,200,9.75269969282725e-05,200,1.0062661726020672,0.2515665431505168,0.0007429638525160732
fine_grained,8,0.13200617118,0.0002276422759532697,200,3.154903008272966e-05,200,1.0069054213288031,0.1258631776661004,0.00024064700266663696
fine_grained,16,0.13214866217500001,0.0015346074152490703,200,0.00021268182856690646,200,1.0058197126050472,0.06286373203781545,0.0016187797300754759
sequential,1,0.13291772941,0.0010148394307756994,200,0.00014064698482128935,200,1.0,1.0,0.0010581506729433181
smt,1,0.13231623236999998,0.0009753660177240598,200,0.0001351763494104481,200,1.0045459051336803,1.0045459051336803,0.0010262599368116004
smt,2,0.06680446476,0.0013783257007934624,200,0.00019102268599291102,200,1.989653384508308,0.994826692254154,0.00568927443800484
smt,4,0.03491799839,0.0030808526208067322,200,0.0004269765429433775,200,3.8065678314500886,0.9516419578625221,0.04654663062294814
smt,8,0.02935012226,0.0012476907791559762,200,0.00017291794224380964,200,4.528694232771485,0.5660867790964357,0.026681063909893693
smt,12,0.031653307615,0.0016601367759845013,200,0.00023007899067804664,200,4.199173464798111,0.3499311220665093,0.030522610913652076
smt,16,0.030304674215,0.0015734797036214038,200,0.00021806915387855008,200,4.386047131442491,0.2741279457151557,0.03156152018132183
