timestamp,pid,tid,psr,pcpu,comm
1791586813.997995586,74388,74388,6,0.0,smt
1791586814.138762212,74388,74388,6,121,smt
1791586814.280362516,74388,74388,6,64.2,smt
1791586814.280362516,74388,74397,0,70.0,smt
1791586814.280362516,74388,74398,1,70.0,smt
1791586814.280362516,74388,74399,2,70.0,smt
1791586814.280362516,74388,74400,3,70.0,smt
1791586814.280362516,74388,74401,0,70.0,smt
1791586814.280362516,74388,74402,1,70.0,smt
1791586814.280362516,74388,74403,2,70.0,smt
1791586814.280362516,74388,74404,3,70.0,smt
1791586814.436584108,74388,74388,6,40.9,smt
1791586814.436584108,74388,74397,0,57.6,smt
1791586814.436584108,74388,74398,1,57.6,smt
1791586814.436584108,74388,74399,2,57.6,smt
1791586814.436584108,74388,74400,3,57.6,smt
1791586814.436584108,74388,74401,0,57.6,smt
1791586814.436584108,74388,74402,1,57.6,smt
1791586814.436584108,74388,74403,2,57.6,smt
1791586814.436584108,74388,74404,3,53.8,smt
1791586814.593284438,74388,74388,6,30.0,smt
1791586814.593284438,74388,74397,0,52.3,smt
1791586814.593284438,74388,74398,1,52.3,smt
1791586814.593284438,74388,74399,2,52.3,smt
1791586814.593284438,74388,74400,3,52.3,smt
1791586814.593284438,74388,74401,0,54.7,smt
1791586814.593284438,74388,74402,1,54.7,smt
1791586814.593284438,74388,74403,2,54.7,smt
1791586814.593284438,74388,74404,3,52.3,smt
1791586814.749267305,74388,74388,6,24.0,smt
1791586814.749267305,74388,74397,0,53.5,smt
1791586814.749267305,74388,74398,1,53.5,smt
1791586814.749267305,74388,74399,2,53.5,smt
1791586814.749267305,74388,74400,3,53.5,smt
1791586814.749267305,74388,74401,0,53.5,smt
1791586814.749267305,74388,74402,1,53.5,smt
1791586814.749267305,74388,74403,2,53.5,smt
1791586814.749267305,74388,74404,3,53.5,smt
1791586814.905228792,74388,74388,6,19.7,smt
1791586814.905228792,74388,74397,0,52.0,smt
1791586814.905228792,74388,74398,1,52.0,smt
1791586814.905228792,74388,74399,2,52.0,smt
1791586814.905228792,74388,74400,3,52.0,smt
1791586814.905228792,74388,74401,0,52.0,smt
1791586814.905228792,74388,74402,1,52.0,smt
1791586814.905228792,74388,74403,2,52.0,smt
1791586814.905228792,74388,74404,3,52.0,smt
1791586815.061735996,74388,74388,6,16.8,smt
1791586815.061735996,74388,74397,0,51.6,smt
1791586815.061735996,74388,74398,1,51.6,smt
1791586815.061735996,74388,74399,2,51.6,smt
1791586815.061735996,74388,74400,3,51.6,smt
1791586815.061735996,74388,74401,0,51.6,smt
1791586815.061735996,74388,74402,1,51.6,smt
1791586815.061735996,74388,74403,2,51.6,smt
1791586815.061735996,74388,74404,3,51.6,smt
1791586815.217633654,74388,74388,6,14.7,smt
1791586815.217633654,74388,74397,0,51.9,smt
1791586815.217633654,74388,74398,1,51.9,smt
1791586815.217633654,74388,74399,2,51.9,smt
1791586815.217633654,74388,74400,3,51.9,smt
1791586815.217633654,74388,74401,0,51.9,smt
1791586815.217633654,74388,74402,1,51.9,smt
1791586815.217633654,74388,74403,2,51.9,smt
1791586815.217633654,74388,74404,3,50.9,smt
1791586815.373910397,74388,74388,6,13.0,smt
1791586815.373910397,74388,74397,0,51.6,smt
1791586815.373910397,74388,74398,1,51.6,smt
1791586815.373910397,74388,74399,2,51.6,smt
1791586815.373910397,74388,74400,3,50.8,smt
1791586815.373910397,74388,74401,0,50.8,smt
1791586815.373910397,74388,74402,1,50.8,smt
1791586815.373910397,74388,74403,2,50.8,smt
1791586815.373910397,74388,74404,3,50.8,smt
1791586815.530092512,74388,74388,6,11.7,smt
1791586815.530092512,74388,74397,0,51.1,smt
1791586815.530092512,74388,74398,1,51.1,smt
1791586815.530092512,74388,74399,2,51.1,smt
1791586815.530092512,74388,74400,3,51.1,smt
1791586815.530092512,74388,74401,0,51.1,smt
1791586815.530092512,74388,74402,1,51.1,smt
1791586815.530092512,74388,74403,2,51.1,smt
1791586815.530092512,74388,74404,3,51.1,smt
1791586815.685959337,74388,74388,6,10.6,smt
1791586815.685959337,74388,74397,0,50.9,smt
1791586815.685959337,74388,74398,1,50.9,smt
1791586815.685959337,74388,74399,2,50.9,smt
1791586815.685959337,74388,74400,3,50.9,smt
1791586815.685959337,74388,74401,0,50.9,smt
1791586815.685959337,74388,74402,1,50.9,smt
1791586815.685959337,74388,74403,2,50.9,smt
1791586815.685959337,74388,74404,3,50.9,smt
1791586815.841787950,74388,74388,6,9.7,smt
1791586815.841787950,74388,74397,0,50.8,smt
1791586815.841787950,74388,74398,1,50.8,smt
1791586815.841787950,74388,74399,2,50.8,smt
1791586815.841787950,74388,74400,3,50.8,smt
1791586815.841787950,74388,74401,0,50.8,smt
1791586815.841787950,74388,74402,1,50.8,smt
1791586815.841787950,74388,74403,2,50.8,smt
1791586815.841787950,74388,74404,3,50.2,smt
1791586815.998110471,74388,74388,6,9.0,smt
1791586815.998110471,74388,74397,0,51.0,smt
1791586815.998110471,74388,74398,1,51.0,smt
1791586815.998110471,74388,74399,2,51.0,smt
1791586815.998110471,74388,74400,3,51.0,smt
1791586815.998110471,74388,74401,0,51.0,smt
1791586815.998110471,74388,74402,1,51.0,smt
1791586815.998110471,74388,74403,2,51.0,smt
1791586815.998110471,74388,74404,3,50.5,smt
1791586816.154080724,74388,74388,6,8.3,smt
1791586816.154080724,74388,74397,0,51.0,smt
1791586816.154080724,74388,74398,1,50.5,smt
1791586816.154080724,74388,74399,2,50.5,smt
1791586816.154080724,74388,74400,3,51.0,smt
1791586816.154080724,74388,74401,0,51.0,smt
1791586816.154080724,74388,74402,1,51.0,smt
1791586816.154080724,74388,74403,2,51.0,smt
1791586816.154080724,74388,74404,3,50.5,smt
1791586816.309902216,74388,74388,6,7.7,smt
1791586816.309902216,74388,74397,0,50.7,smt
1791586816.309902216,74388,74399,2,50.7,smt
1791586816.309902216,74388,74400,3,50.7,smt
1791586816.309902216,74388,74401,0,50.7,smt
1791586816.309902216,74388,74403,2,50.7,smt
1791586816.309902216,74388,74404,3,50.7,smt
